ContactId__c,FirstName__c,LastName__c,Email__c,Phone__c,Title__c,AccountId__c,LeadSource__c,City__c,State__c
003g700000F6NFpAAN,James,Wu,jwu@example.com,(274) 555-0197,VP of Sales,001g700000KkMd7AAF,Data.com,San Francisco,CA
003g700000F6NFqAAN,Bob,Hodges,bhodges@example.com,(422) 555-5262,President and CEO,001g700000KkMd7AAF,Cold Call,Montgomery,PA
003g700000F6NFrAAN,Wes,Chopra,wchopra@example.com,(847) 555-5100,"Manager, Information Technology",001g700000KkMd8AAF,Cold Call,Wichita,KS
003g700000F6NFsAAN,Andrea,Bowden,abowden@example.com,(655) 555-0197,Senior Vice President,001g700000KkMd9AAF,Data.com,Boston,Massachusetts
003g700000F6NFtAAN,Xavier,Acme,xavier.acme@example.com,(794) 555-0153,Associate Technician,001g700000KkMdAAAV,,San Mateo,CA
003g700000F6NFuAAN,Paul,Partner,ppartner@example.com,(344) 555-0197,Account Executive,001g700000KkMdAAAV,Social Media,San Francisco,CA
003g700000F6NFvAAN,Lauren,Bailey,lbailey@example.com,(415) 555-1212,"SVP, Technology",001g700000KkMd7AAF,Marketing Event,San Francisco,CA
003g700000F6NFwAAN,Larry,Baxter,lbaxter@example.com,+13105550100,,001g700000KkMdBAAV,Referral,San Francisco,CA
003g700000F6NFxAAN,Sarah,Phillips,sphillips@example.com,(794) 555-0153,Account Executive,001g700000KkMdAAAV,Data.com,San Mateo,California
003g700000F6NFyAAN,Joyce,Turner,jturner@example.com,(794) 555-7515,Director of Sales,001g700000KkMdAAAV,Marketing Event,Littleton,CO
003g700000F6NFzAAN,Yvette,Acme,yvette.acme@example.com,(794) 555-0153,Lead Technician,001g700000KkMdAAAV,,San Mateo,CA
003g700000F6NG0AAN,Adam,Mercer,amercer@example.com,(794) 555-5480,Sales Engineer,001g700000KkMdAAAV,Cold Call,Littleton,CO
003g700000F6NG1AAN,Chris,Post,cpost@example.com,(415) 555-5590,Business Analyst,001g700000KkMd7AAF,Referral,San Francisco,CA
003g700000F6NG2AAN,Mark,Kingston,mkingston@example.com,(769) 555-7272,Project Manager,001g700000KkMd7AAF,Cold Call,Fairfax,VA
003g700000F6NG3AAN,Stewart,Anderson,,,Principal NextGen Developer,001g700000KkMdCAAV,,,
003g700000F6NG4AAN,Aiden,Pearson,apearson@example.com,(415) 555-7722,Owner,001g700000KkMdDAAV,Social Media,San Francisco,CA
003g700000F6NG5AAN,Brad,Anastasio,banastasio@example.com,(415) 555-9065,"SVP, Sales",001g700000KkMdEAAV,Social Media,San Francisco,CA
003g700000F6NG6AAN,Emilee,Kendra,ekendra@example.com,(206) 555-2320,COO,001g700000KkMdFAAV,Cold Call,Raleigh,North Carolina
003g700000F6NG7AAN,Jason,Brennaman,jason.brennaman@example.com,(847) 555-1237,Information Technology,001g700000KkMd8AAF,Social Media,Denver,CO
003g700000F6NG8AAN,David,Adelson,dadelson@example.com,(650) 555-4645,"Director, Information Technology",001g700000KkMd8AAF,Marketing Event,San Francisco,CA
003g700000F6NG9AAN,Bree,Reitz,breitz@example.com,(453) 555-6139,Head of Partner Relations,001g700000KkMdGAAV,Referral,San Francisco,CA
003g700000F6NGAAA3,Hamid,Basirat,hbasirat@example.com,(875) 555-6626,SVP Marketing,001g700000KkMdGAAV,Social Media,Monroe,IA
003g700000F6NGBAA3,Julie,Dillon,jdillon@example.com,(533) 555-3116,Director of Marketing,001g700000KkMdGAAV,Social Media,New York,NY
003g700000F6NGCAA3,Billy,Mack,bmack@example.com,(206) 555-4966,General Counsel,001g700000KkMdGAAV,Referral,New York,NY
003g700000F6NGDAA3,Bill,Martin,bmartin@example.com,(673) 555-2802,Operations Manager,001g700000KkMdGAAV,Social Media,New York,NY
003g700000F6NGEAA3,Jean-Michel,Lambert,jlambert@example.com,(544) 555-2450,EVP Business Development,001g700000KkMdGAAV,Marketing Event,New York,NY
003g700000F6NGFAA3,Kyle,Pearson,kpearson@example.com,(903) 555-7363,"VP, IT Projects",001g700000KkMdGAAV,Marketing Event,New York,NY
003g700000F6NGGAA3,Janice,Bergman,jbergman@example.com,(810) 555-9875,"VP, Purchasing",001g700000KkMdGAAV,Referral,New York,NY
003g700000F6NGHAA3,Cristin,Hwang,chwang@example.com,(806) 555-6846,"EVP, Business Development",001g700000KkMdGAAV,Referral,Rushmore,MN
003g700000F6NGIAA3,David,Homme,dhomme@example.com,(759) 555-1632,Product Marketing Manager,001g700000KkMdGAAV,Social Media,Eugene,OR
003g700000F6NGJAA3,Shay,Dulaney,sdulaney@example.com,(686) 555-8285,Sales Executive,001g700000KkMdGAAV,Social Media,Pensacola,FL
003g700000F6NGKAA3,Lloyd,Archibald,larchibald@example.com,(801) 555-7354,"SVP, Marketing",001g700000KkMdGAAV,Cold Call,Topeka,IN
003g700000F6NGLAA3,Marci,Viviano,mviviano@example.com,(270) 555-9522,CFO,001g700000KkMdGAAV,Marketing Event,Tacoma,WA
003g700000F6NGMAA3,Hollie,Everhart,heverhart@example.com,(579) 555-5933,VP of Marketing,001g700000KkMdGAAV,Data.com,Hakalau,HI
003g700000F6NGNAA3,Brad,Owens,bowens@example.com,(500) 555-1311,Regional Sales Manager,001g700000KkMdHAAV,Data.com,Cook,IL
003g700000F6NGOAA3,Leo,Novak,lnovak@example.com,(656) 555-4875,Marketing Manager,001g700000KkMdIAAV,Referral,Clark,NV
003g700000F6NGPAA3,Sean,Silver,ssilver@example.com,(792) 555-0197,Account Executive,001g700000KkMdJAAV,Social Media,Providence,Rhode Island
003g700000F6NGQAA3,Sienna,Competente,scompetente@example.com,(672) 555-2472,"VP, Consulting",001g700000KkMdKAAV,Social Media,Richmond (city),VA
003g700000F6NGRAA3,Gabriel,Silva,rlloyd@example.com,(632) 555-9279,Sales Manager,001g700000KkMdLAAV,Marketing Event,13087Campinas,SP
003g700000F6NGSAA3,David,Harris,dharris@example.com,(692) 555-3263,Director of Business Development,001g700000KkMdMAAV,Data.com,Santa Cruz,CA
003g700000F6NGTAA3,Tom,Davis,tdavis@example.com,(643) 555-5886,Development Director,001g700000KkMdMAAV,Data.com,Santa Cruz,CA
003g700000F6NGUAA3,May,Chan,mchan@example.com,(537) 555-2247,CFO,001g700000KkMdNAAV,Referral,San Jose,CA
003g700000F6NGVAA3,Ron,Adkins,radkins@example.com,(258) 555-2156,General Manager,001g700000KkMdNAAV,Referral,Sedgwick,KS
003g700000F6NGWAA3,Sandy,Knudson,sknudson@example.com,(624) 555-5001,Account Executive,001g700000KkMdOAAV,Social Media,Orange,CA
003g700000F6NGXAA3,Larry,Kuchenreuther,lkuchenreuther@example.com,(446) 555-9042,Account Manager,001g700000KkMdPAAV,Marketing Event,Los Angeles,CA
003g700000F6NGYAA3,Susan,Johanson,sjohanson@example.com,(390) 555-5353,VP of Operations,001g700000KkMdQAAV,Cold Call,Sydney,NSW
003g700000F6NGZAA3,Mark,Dillon,mdillon@example.com,(765) 555-3929,Head of Partner Relations,001g700000KkMdQAAV,Marketing Event,Sydney,NSW
003g700000F6NGaAAN,Stella,Pavlova,spavlova@example.com,(842) 555-9587,"VP, Product Management",001g700000KkMdQAAV,Data.com,Sydney,NSW
003g700000F6NGbAAN,Allison,Yates,ayates@example.com,(239) 555-1562,Owner,001g700000KkMdQAAV,Social Media,Sydney,NSW
003g700000F6NGcAAN,Thomas,Simes,tsimes@example.com,(519) 555-7883,CEO,001g700000KkMdRAAV,Referral,Clark,NV
003g700000F6NGdAAN,Michael,Basch,mbasch@example.com,(753) 555-5337,"VP, Procurement",001g700000KkMdRAAV,Social Media,Clark,NV
003g700000F6NGeAAN,Tammy,Reseller,treseller@example.com,(573) 555-9103,Account Executive,001g700000KkMdRAAV,Referral,Clark,NV
003g700000F6NGfAAN,Sean,Forbes,sforbes@example.com,(237) 555-2784,CFO,001g700000KkMdRAAV,Cold Call,Clark,NV
003g700000F6NGgAAN,Jeannie,Rogers,jrogers@example.com,(875) 555-9710,"VP, Facilities",001g700000KkMdRAAV,Social Media,Clark,NV
003g700000F6NGhAAN,Tom,James,tjames@example.com,(932) 555-2450,"SVP, Operations",001g700000KkMdRAAV,Social Media,Clark,NV
003g700000F6NGiAAN,Alex,Johnson,ajohnson@example.com,(526) 555-3205,"Senior Director, Services",001g700000KkMdRAAV,Cold Call,Clark,NV
003g700000F6NGjAAN,Rose,Gonzalez,rgonzalez@example.com,(776) 555-1601,SVP of Marketing,001g700000KkMdRAAV,Marketing Event,Clark,NV
003g700000F6NGkAAN,Erin,Walsh,ewalsh@example.com,(925) 555-6788,EVP Business Development,001g700000KkMdSAAV,Cold Call,Multnomah,OR
003g700000F6NGlAAN,Ed,Hennessy,ehennessy@example.com,(699) 555-3781,Owner,001g700000KkMdTAAV,Marketing Event,Jefferson,TX
003g700000F6NGmAAN,Jamie,Green,jgreen@example.com,(537) 555-7796,Account Executive,001g700000KkMdUAAV,Marketing Event,San Francisco,CA
003g700000F6NGnAAN,Robert,Fontana,rfontana@example.com,(226) 555-5980,CEO,001g700000KkMdVAAV,Cold Call,Multnomah,OR
003g700000F6NGoAAN,Peter,Foss,pfoss@example.com,(453) 555-8461,"SVP, Administration and Finance",001g700000KkMdVAAV,Social Media,Multnomah,OR
003g700000F6NGpAAN,Martin,Woodson,wmartin@example.com,(750) 555-8377,"VP, Product Management",001g700000KkMdVAAV,Social Media,Multnomah,OR
003g700000F6NGqAAN,Richard,O'Brien Jr,robrien@example.com,(726) 555-5626,Chief Executive Officer,001g700000KkMdVAAV,Cold Call,Multnomah,OR
003g700000F6NGrAAN,Joseph,Gillespie,jgillespie@example.com,(323) 555-2642,Chief Marketing Officer,001g700000KkMdVAAV,Referral,Multnomah,OR
003g700000F6NGsAAN,Michelle,Green,mgreen@example.com,(280) 555-9701,Senior Vice President-Operations,001g700000KkMdVAAV,Cold Call,Multnomah,OR
003g700000F6NGtAAN,Bjorn,Lundgren,bolson@example.com,(373) 555-9342,Account Executive,001g700000KkMdWAAV,Cold Call,Dallas,TX
003g700000F6NGuAAN,Judy,Odom,jodom@example.com,(689) 555-3077,Sales Executive,001g700000KkMdXAAV,Social Media,New Hanover,NC
003g700000F6NGvAAN,Bill,Blau,bblau@example.com,(867) 555-2951,"VP, IT Operations",001g700000KkMdYAAV,Cold Call,San Francisco,CA
003g700000F6NGwAAN,Ron,Reid,rreid@example.com,(935) 555-8160,"Director, Consulting",001g700000KkMdZAAV,Referral,San Diego,CA
003g700000F6NGxAAN,Jeff,Blay,jblay@example.com,(487) 555-4995,Enterprise Sales Manager,001g700000KkMdaAAF,Cold Call,Alameda,CA
003g700000F6NGyAAN,Lisa,Jones,ljones@example.com,(904) 555-4358,Director of Public Relations,001g700000KkMdbAAF,Referral,Denver,CO
003g700000F6NGzAAN,Derek,Rose,drose@example.com,(575) 555-2613,Credit Manager,001g700000KkMdcAAF,Social Media,King,WA
003g700000F6NH0AAN,Laura,Rossi,lrossi@example.com,(611) 555-1661,"Manager, Sales Operations",001g700000KkMddAAF,Referral,Genève,
003g700000F6NH1AAN,Chris,Templey,ctempley@example.com,(874) 555-9359,VP of Sales,001g700000KkMdeAAF,Cold Call,Delaware,PA
003g700000F6NH2AAN,Barry,Brown,bbrown@example.com,(319) 555-0197,Account Executive,001g700000KkMdfAAF,Social Media,Orlando,Florida
003g700000F6NH3AAN,Sarah,Jeffries,sjeffries@example.com,(296) 555-7307,"SVP, Marketing Strategy",001g700000KkMdgAAF,Marketing Event,King,WA
003g700000F6NH4AAN,Ryan,Gray,rgray@example.com,(266) 555-4756,Consulting Practice Director,001g700000KkMdhAAF,Referral,Baltimore,MD
003g700000F6NH5AAN,Jan,Perkins,jperkins@example.com,(767) 555-8343,CFO,001g700000KkMdiAAF,Referral,Friedensburg,PA
003g700000F6NH6AAN,Bonnie,Barra,bbarra@example.com,(261) 555-6229,EVP Business Development,001g700000KkMdjAAF,Referral,San Miguel,CA
003g700000F6NH7AAN,Bruce,Watkins,bwatkins@example.com,(631) 555-8821,CEO,001g700000KkMdkAAF,Marketing Event,Stevens Point,WI
003g700000F6NH8AAN,Bradley,Harmon,bharmon@example.com,(261) 555-6425,EVP Business Development,001g700000KkMdlAAF,Marketing Event,Wichita,KS
003g700000F6NH9AAN,Sandy,Jones,sjones@example.com,(261) 555-3205,EVP Business Development,001g700000KkMdmAAF,Referral,Wichita,KS
003g700000F6NHAAA3,Doug,Hart,dhart@example.com,(847) 555-3116,"EVP, Business Development",001g700000KkMdnAAF,Social Media,Wichita,KS
003g700000F6NHBAA3,Mary,McDaniel,mmcdaniel@example.com,(866) 555-7014,Regional Vice President,001g700000KkMdoAAF,Cold Call,San Francisco,CA
003g700000F6NHCAA3,Greg,Walker,gwalker@example.com,(847) 555-7858,Asset Manager,001g700000KkMdoAAF,Marketing Event,Wichita,KS
003g700000F6NHDAA3,Daryl,Distributor,ddistributor@example.com,(951) 555-6041,Sales Executive,001g700000KkMdpAAF,Referral,Riverside,CA
003g700000F6NHEAA3,Steve,Ishikawa,sishikawa@example.com,(674) 555-7660,VP of Operations,001g700000KkMdqAAF,Cold Call,Shelby,TN
003g700000F6NHFAA3,Chris,Friedman,cfriedman@example.com,(227) 555-9079,General Counsel,001g700000KkMdqAAF,Marketing Event,Shelby,TN
003g700000F6NHGAA3,Brenda,Mcclure,bmcclure@example.com,(415) 555-4922,Senior VP of Strategy,001g700000KkMdqAAF,Social Media,Shelby,TN
003g700000F6NHHAA3,Thomas,Green,tgreen@example.com,(639) 555-1713,CFO,001g700000KkMdqAAF,Social Media,Shelby,TN
003g700000F6NHIAA3,Danielle,Hauck,dhauck@example.com,(219) 555-1644,Sales Manager,001g700000KkMdqAAF,Marketing Event,Shelby,TN
003g700000F6NHJAA3,George,Mazzotta,gmazzotta@example.com,(520) 555-5807,Chief Financial Officer,001g700000KkMdqAAF,Data.com,Shelby,TN
003g700000F6NHKAA3,Patricia,Feager,pfeager@example.com,(423) 555-2615,CEO,001g700000KkMdqAAF,Referral,Shelby,TN
003g700000F6NHLAA3,Arthur,Song,asong@example.com,(772) 555-5429,Financial Controller,001g700000KkMdqAAF,Social Media,Shelby,TN
003g700000F6NHMAA3,Mark,Metz,mmetz@example.com,(747) 555-0100,Chief Executive Officer,001g700000KkMdrAAF,Cold Call,San Francisco,CA
003g700000F6NHNAA3,James,Weiss,jweiss@example.com,(631) 555-8643,Chief Information Officer,001g700000KkMdrAAF,Social Media,Santa Clara,CA
003g700000F6NHOAA3,Keith,Lopez,klopez@example.com,(528) 555-1170,Marketing Manager,001g700000KkMdrAAF,Cold Call,Santa Clara,CA
003g700000F6NHPAA3,Al,Miller,amiller@example.com,(879) 555-6333,Director of Purchasing,001g700000KkMdrAAF,Referral,Santa Clara,CA
003g700000F6NHQAA3,Sean,Murphy,smurphy@example.com,(576) 555-1964,Program Director,001g700000KkMdrAAF,Social Media,Santa Clara,CA
003g700000F6NHRAA3,Jeff,Kane,jkane@example.com,(385) 555-1733,VP of Finance,001g700000KkMdrAAF,Referral,Santa Clara,CA
003g700000F6NHSAA3,Stephanie,Curran,scurran@example.com,(690) 555-3122,VP of Strategy,001g700000KkMdrAAF,Cold Call,Santa Clara,CA
003g700000F6NHTAA3,Kathy,Fitzpatrick,kfitzpatrick@example.com,(231) 555-6665,"Director, Human Resources",001g700000KkMdrAAF,Referral,Foster City,CA
003g700000F6NHUAA3,Ed,Flachbarth,eflachbarth@example.com,(475) 555-2054,Administrative Assistant,001g700000KkMdrAAF,Referral,Santa Clara,CA
003g700000F6NHVAA3,Robert,Janzen,rjanzen@example.com,(858) 555-0100,Customer,001g700000KkMdsAAF,Cold Call,Wichita,KS
003g700000F6NHWAA3,Heath,Axworth,haxworth@example.com,(415) 876-5544,Customer,001g700000KkMdtAAF,Referral,,
003g700000F6NHXAA3,Duncan,Macintosh,dmacintosh@example.com,(415) 777-8888,Customer,001g700000KkMduAAF,Marketing Event,,
003g700000F6NHYAA3,Lance,Gonzales,lgonzales@example.com,(925) 555-8844,Customer,001g700000KkMdvAAF,Social Media,,
003g700000F6NHZAA3,Gabe,Hoskins,ghoskins@example.com,(925) 855-6666,Customer,001g700000KkMdwAAF,Marketing Event,,
003g700000F6NHaAAN,Robert,Simpson,rsimpson@example.com,(530) 755-8425,Customer,001g700000KkMdxAAF,Data.com,,
003g700000F6NHbAAN,Mike,Garcia,mgarcia@example.com,(415) 555-1212,Customer,001g700000KkMdyAAF,Marketing Event,,
003g700000F6NHcAAN,Mark,Smith,msmith@example.com,(650) 555-6652,Customer,001g700000KkMdzAAF,Referral,,
003g700000F6NHdAAN,Robert,Weiss,rweiss@example.com,(203) 555-2503,Customer,001g700000KkMe0AAF,,,
003g700000F6NHeAAN,Peter,Houston,phouston@example.com,(415) 555-4707,Director of Engineering,001g700000KkMe1AAF,Referral,Cook,IL
003g700000F6NHfAAN,Troy,Bullock,tbullock@example.com,(704) 555-7526,VP of Sales,001g700000KkMe2AAF,Marketing Event,Wichita,KS
003g700000F6NHgAAN,Mike,Malmin,mmalmin@example.com,(317) 555-6312,General Counsel,001g700000KkMe3AAF,Referral,Wichita,KS
003g700000F6NHhAAN,Kari,Rende,krende@example.com,(630) 555-4403,Director of Operations,001g700000KkMe4AAF,Social Media,Wichita,KS
003g700000F6NHiAAN,Jon,Allegri,jallegri@example.com,(813) 555-5220,Finance Director,001g700000KkMe5AAF,Social Media,Wichita,KS
003g700000F6NHjAAN,Niki,Sullivan,nsullivan@example.com,(702) 555-3769,Director of Human Resources,001g700000KkMe6AAF,Cold Call,Wichita,KS
003g700000F6NHkAAN,Chip,Colli,ccolli@example.com,(206) 555-7855,Commercial Director,001g700000KkMe7AAF,Marketing Event,Wichita,KS
003g700000F6NHlAAN,Bob,Warkentine,bwarkentine@example.com,(646) 555-2296,"Director, Customer Service",001g700000KkMe8AAF,Referral,Wichita,KS
003g700000F6NHmAAN,Steve,Sutherland,ssutherland@example.com,(608) 555-3399,Head of Operations,001g700000KkMe9AAF,Social Media,Wichita,KS
003g700000F6NHnAAN,Benjamin,Young,byoung@example.com,(713) 555-2977,EVP Business Development,001g700000KkMeAAAV,Social Media,Wichita,KS
003g700000F6NHoAAN,Nicole,Grace,ngrace@example.com,(203) 555-2801,"EVP, Business Development",001g700000KkMeBAAV,Referral,Wichita,KS
003g700000F6NHpAAN,Unknown,Customer,,,,001g700000KkMeCAAV,Social Media,,
003g700000F6NHqAAN,Tammy,Baxter,tbaxter@example.com,(415) 555-3930,"VP, Supply Chain",001g700000KkMeDAAV,Social Media,San Francisco,CA
003g700000F6NHrAAN,Russell,Hartman,whardin@example.com,(510) 555-5500,Customer,001g700000KkMeEAAV,Social Media,,
003g700000F6NHsAAN,Mike,Welch,mwelch@example.com,(510) 555-0058,Customer,001g700000KkMeFAAV,Referral,,
003g700000F6NHtAAN,Karen,Wells,kwells@example.com,(650) 846-4455,Customer,001g700000KkMeGAAV,Referral,,
003g700000F6NHuAAN,Mina,Passini,mpassini@example.com,(415) 555-1414,Customer,001g700000KkMeHAAV,Referral,,
003g700000F6NHvAAN,Stacy,McNeil,smcneil@example.com,(530) 555-8870,Customer,001g700000KkMeIAAV,Referral,,
003g700000F6NHwAAN,Deanna,Collins,dcollins@example.com,(266) 555-2339,Customer,001g700000KkMeJAAV,Referral,,
003g700000F6NHxAAN,Andy,Peterson,apeterson@example.com,(310) 555-3983,Customer,001g700000KkMeKAAV,Cold Call,,
003g700000F6NHyAAN,Anne,Frost,afrost@example.com,(415) 555-2110,,001g700000KkMeLAAV,Social Media,San Francisco,CA
003g700000F6NHzAAN,Acme,Dispatcher,acme.dispatcher@example.com,(794) 555-0153,Contractor Dispatcher,001g700000KkMdAAAV,,San Mateo,CA
003g700000F6NI0AAN,Zach,Acme,zach.acme@example.com,(794) 555-0153,Lead Technician,001g700000KkMdAAAV,,San Mateo,CA
003g700000F6NI1AAN,Dan,Fitzgerald,dfitzgerald112@example.com,(764) 555-9091,SVP of Sales,001g700000KkMeMAAV,,Oakland,CA
003g700000F6NI2AAN,B2BGuest,User,b2bguest@example.com,,,001g700000KkMeNAAV,,,
003g700000F6NI3AAN,Scott,Smith,ssmith@example.com,(502) 555-4387,Chief Operating Officer,001g700000KkMeOAAV,Website,Louisville,CO
003g700000F6NI4AAN,Tony,Piazza,tpiazza@example.com,(502) 555-4387,Director of Finance,001g700000KkMeOAAV,Marketing Event,Louisville,CO
003g700000F6NI5AAN,Stewart,Clink,sclink@example.com,(502) 555-4387,VP of Sales,001g700000KkMeOAAV,Referral,Louisville,CO
003g700000F6NI6AAN,Carol,Tezak,ctezak@example.com,(415) 555-1212,CFO,001g700000KkMd7AAF,Marketing Event,San Francisco,CA
003g700000F6NI7AAN,Oscar,Tran,otran@example.com,(415) 555-1212,CTO,001g700000KkMd7AAF,Marketing Event,San Francisco,CA
003g700000F6NI8AAN,Melanie,Lexington,mlexington@example.com,(415) 555-1212,CSO,001g700000KkMd7AAF,Marketing Event,San Francisco,CA
003g700000FK3vZAAT,Linda,Davis,linda.davis17@nextgendigit.com,,CTO,,,Dayton,Ohio
003g700000FK3vaAAD,Karen,Jones,karen.jones27@keystoneinco.com,,CTO,,,Dayton,Ohio
003g700000FK3vbAAD,Jennifer,Thomas,jennifer.thomas89@keystoneinco.com,,Director Marketing,,,Dayton,Ohio
003g700000FK3vcAAD,Mary,Moore,mary.moore97@metaflowinco.com,,COO,,,Akron,Ohio
003g700000FK3vdAAD,Richard,Brown,richard.brown5@luminaicorpo.com,,VP Sales,,,Toledo,Ohio
003g700000FK3veAAD,Linda,Rodriguez,linda.rodriguez6@vertexpartne.com,,Director Marketing,,,Cleveland,Ohio
003g700000FK3vfAAD,Karen,Harris,karen.harris2@vertexpartne.com,,Director Marketing,,,Cleveland,Ohio
003g700000FK3vgAAD,Linda,Thompson,linda.thompson27@vertexpartne.com,,CEO,,,Cleveland,Ohio
003g700000FK3vhAAD,Barbara,Harris,barbara.harris45@vertexpartne.com,,VP Sales,,,Cleveland,Ohio
003g700000FK3viAAD,Elizabeth,Lewis,elizabeth.lewis36@globalsoluti.com,,Head of Product,,,Cincinnati,Ohio
003g700000FK3vjAAD,William,Jackson,william.jackson94@metaflowcorp.com,,CEO,,,Dayton,Ohio
003g700000FK3vkAAD,Paul,Lee,paul.lee9@metaflowcorp.com,,Director Marketing,,,Dayton,Ohio
003g700000FK3vlAAD,Michelle,Smith,michelle.smith68@metaflowcorp.com,,CEO,,,Dayton,Ohio
003g700000FK3vmAAD,Christopher,Garcia,christopher.garcia97@pinnaclesyst.com,,VP Sales,,,Cincinnati,Ohio
003g700000FK3vnAAD,Michael,Miller,michael.miller65@pinnaclesyst.com,,CMO,,,Cincinnati,Ohio
003g700000FK3voAAD,Michelle,Garcia,michelle.garcia57@corelogiccor.com,,Director Marketing,,,Cleveland,Ohio
003g700000FK3vpAAD,Barbara,Wilson,barbara.wilson49@corelogiccor.com,,COO,,,Cleveland,Ohio
003g700000FK3vqAAD,Susan,Jackson,susan.jackson30@corelogiccor.com,,COO,,,Cleveland,Ohio
003g700000FK3vrAAD,Daniel,Brown,daniel.brown60@atlasmanufac.com,,Director Marketing,,,Akron,Ohio
003g700000FK3vsAAD,Emily,Wilson,emily.wilson91@globalsoluti.com,,VP Engineering,,,Cincinnati,Ohio
003g700000FK3vtAAD,Donna,Lewis,donna.lewis6@globalsoluti.com,,Director Marketing,,,Cincinnati,Ohio
003g700000FK3vuAAD,Emily,Brown,emily.brown50@luminaicorpo.com,,VP Engineering,,,Cleveland,Ohio
003g700000FK3vvAAD,Ashley,Thompson,ashley.thompson95@luminaicorpo.com,,VP Engineering,,,Cleveland,Ohio
003g700000FK3vwAAD,Steven,Davis,steven.davis71@luminaicorpo.com,,COO,,,Cleveland,Ohio
003g700000FK3vxAAD,Margaret,Miller,margaret.miller9@atlasmanufac.com,,CMO,,,Cleveland,Ohio
003g700000FK3vyAAD,Nancy,Garcia,nancy.garcia2@atlasmanufac.com,,CMO,,,Cleveland,Ohio
003g700000FK3vzAAD,Michael,Anderson,michael.anderson57@atlasmanufac.com,,Director Marketing,,,Cleveland,Ohio
003g700000FK3w0AAD,Elizabeth,Anderson,elizabeth.anderson52@gridpointinc.com,,Director Marketing,,,Akron,Ohio
003g700000FK3w1AAD,John,Wilson,john.wilson26@pinnaclesyst.com,,Head of Product,,,Akron,Ohio
003g700000FK3w2AAD,Richard,Thompson,richard.thompson52@pinnaclesyst.com,,Director Marketing,,,Akron,Ohio
003g700000FK3w3AAD,Margaret,Lewis,margaret.lewis64@nextgendigit.com,,VP Engineering,,,Dayton,Ohio
003g700000FK3w4AAD,Michelle,Lee,michelle.lee35@nextgendigit.com,,COO,,,Dayton,Ohio
003g700000FK3w5AAD,Andrew,Harris,andrew.harris78@techcorpcorp.com,,COO,,,Toledo,Ohio
003g700000FK3w6AAD,Emily,Jackson,emily.jackson36@techcorpcorp.com,,CTO,,,Toledo,Ohio
003g700000FK3w7AAD,Ashley,Brown,ashley.brown16@techcorpcorp.com,,VP Engineering,,,Toledo,Ohio
003g700000FK3w8AAD,Emily,Davis,emily.davis81@novatechllco.com,,CTO,,,Cincinnati,Ohio
003g700000FK3w9AAD,Mary,Brown,mary.brown95@novatechllco.com,,VP Sales,,,Cincinnati,Ohio
003g700000FK3wAAAT,John,Moore,john.moore87@novatechllco.com,,VP Sales,,,Cincinnati,Ohio
003g700000FK3wBAAT,Barbara,Anderson,barbara.anderson78@novatechllco.com,,Head of Product,,,Cincinnati,Ohio
003g700000FK3wCAAT,Karen,Thompson,karen.thompson80@nextgendigit.com,,Director Marketing,,,Columbus,Ohio
003g700000FK3wDAAT,John,Harris,john.harris97@nextgendigit.com,,CMO,,,Columbus,Ohio
003g700000FK3wEAAT,Richard,Martinez,richard.martinez85@pinnaclesyst.com,,CMO,,,Akron,Ohio
003g700000FK3wFAAT,Emily,Jackson,emily.jackson34@pinnaclesyst.com,,Head of Product,,,Akron,Ohio
003g700000FK3wGAAT,Joshua,Martin,joshua.martin3@pinnaclesyst.com,,VP Sales,,,Akron,Ohio
003g700000FK3wHAAT,Margaret,Brown,margaret.brown50@pinnaclesyst.com,,CMO,,,Akron,Ohio
003g700000FK3wIAAT,Anthony,Taylor,anthony.taylor59@gridpointllc.com,,VP Sales,,,Dayton,Ohio
003g700000FK3wJAAT,Robert,Garcia,robert.garcia72@gridpointllc.com,,VP Engineering,,,Dayton,Ohio
003g700000FK3wKAAT,William,Moore,william.moore56@gridpointllc.com,,CTO,,,Dayton,Ohio
003g700000FK3wLAAT,Anthony,Moore,anthony.moore98@vertexpartne.com,,Director Marketing,,,Dayton,Ohio
003g700000FK3wMAAT,Kenneth,Harris,kenneth.harris63@vertexpartne.com,,CMO,,,Dayton,Ohio
003g700000FK3wNAAT,Andrew,Martin,andrew.martin21@vertexpartne.com,,VP Sales,,,Dayton,Ohio
003g700000FK3wOAAT,Thomas,Moore,thomas.moore76@nextgendigit.com,,COO,,,Toledo,Ohio
003g700000FK3wPAAT,Carol,Harris,carol.harris46@nextgendigit.com,,VP Engineering,,,Toledo,Ohio
003g700000FK3wQAAT,Daniel,Johnson,daniel.johnson4@nextgendigit.com,,VP Sales,,,Toledo,Ohio
003g700000FK3wRAAT,David,Wilson,david.wilson45@nextgendigit.com,,VP Sales,,,Toledo,Ohio
003g700000FK3wSAAT,Anthony,Brown,anthony.brown55@atlasmanufac.com,,Head of Product,,,Akron,Ohio
003g700000FK3wTAAT,Matthew,Thomas,matthew.thomas45@atlasmanufac.com,,VP Sales,,,Akron,Ohio
003g700000FK3wUAAT,Jessica,Davis,jessica.davis31@atlasmanufac.com,,VP Engineering,,,Akron,Ohio
003g700000FK3wVAAT,John,Martinez,john.martinez15@pinnaclesyst.com,,Head of Product,,,Cincinnati,Ohio
003g700000FK3wWAAT,Mary,Martin,mary.martin42@luminaigroup.com,,VP Sales,,,Akron,Ohio
003g700000FK3wXAAT,Ashley,Harris,ashley.harris55@luminaigroup.com,,COO,,,Akron,Ohio
003g700000FK3wYAAT,Mary,Clark,mary.clark61@echotechcorp.com,,VP Sales,,,Dayton,Ohio
003g700000FK3wZAAT,Daniel,Anderson,daniel.anderson74@echotechcorp.com,,COO,,,Dayton,Ohio
003g700000FK3waAAD,Daniel,Lee,daniel.lee13@echotechcorp.com,,CMO,,,Dayton,Ohio
003g700000FK3wbAAD,Susan,Lopez,susan.lopez64@nextgendigit.com,,Head of Product,,,Dayton,Ohio
003g700000FK3wcAAD,Carol,Martinez,carol.martinez47@fusionworksl.com,,COO,,,Akron,Ohio
003g700000FK3wdAAD,Richard,Moore,richard.moore82@fusionworksl.com,,Director Marketing,,,Akron,Ohio
003g700000FK3weAAD,Christopher,Rodriguez,christopher.rodriguez7@nextgendigit.com,,VP Engineering,,,Akron,Ohio
003g700000FK3wfAAD,Kenneth,Anderson,kenneth.anderson29@nextgendigit.com,,Director Marketing,,,Akron,Ohio
003g700000FK3wgAAD,Michelle,Lopez,michelle.lopez35@gridpointgro.com,,Director Marketing,,,Toledo,Ohio
003g700000FK3whAAD,Margaret,Miller,margaret.miller45@catalystcorp.com,,Director Marketing,,,Toledo,Ohio
003g700000FK3wiAAD,Karen,Jackson,karen.jackson39@catalystcorp.com,,COO,,,Toledo,Ohio
003g700000FK3wjAAD,Joshua,Lopez,joshua.lopez26@catalystcorp.com,,COO,,,Toledo,Ohio
003g700000FK3wkAAD,Betty,Rodriguez,betty.rodriguez80@catalystcorp.com,,CMO,,,Toledo,Ohio
003g700000FK3wlAAD,Mary,White,mary.white91@globalsoluti.com,,CTO,,,Cleveland,Ohio
003g700000FK3wmAAD,Kenneth,Moore,kenneth.moore28@globalsoluti.com,,CMO,,,Cleveland,Ohio
003g700000FK3wnAAD,Joshua,Thompson,joshua.thompson99@horizonlabsi.com,,COO,,,Akron,Ohio
003g700000FK3woAAD,Kenneth,Lewis,kenneth.lewis81@horizonlabsi.com,,VP Sales,,,Akron,Ohio
003g700000FK3wpAAD,Kimberly,Miller,kimberly.miller47@horizonlabsi.com,,CMO,,,Akron,Ohio
003g700000FK3wqAAD,Jessica,Jones,jessica.jones96@atlasmanufac.com,,VP Engineering,,,Dayton,Ohio
003g700000FK3wrAAD,Margaret,Thomas,margaret.thomas41@atlasmanufac.com,,Director Marketing,,,Dayton,Ohio
003g700000FK3wsAAD,Mark,Rodriguez,mark.rodriguez37@pinnaclesyst.com,,CTO,,,Akron,Ohio
003g700000FK3wtAAD,Thomas,Harris,thomas.harris77@pinnaclesyst.com,,CEO,,,Akron,Ohio
003g700000FK3wuAAD,Jessica,Brown,jessica.brown20@brightpathll.com,,CEO,,,Dayton,Ohio
003g700000FK3wvAAD,Mary,Davis,mary.davis40@brightpathll.com,,CMO,,,Dayton,Ohio
003g700000FK3wwAAD,Emily,Martin,emily.martin56@brightpathll.com,,COO,,,Dayton,Ohio
003g700000FK3wxAAD,Robert,Miller,robert.miller21@brightpathll.com,,VP Engineering,,,Dayton,Ohio
003g700000FK3wyAAD,Mary,Rodriguez,mary.rodriguez36@fusionworksi.com,,CTO,,,Columbus,Ohio
003g700000FK3wzAAD,Robert,Lewis,robert.lewis63@fusionworksi.com,,VP Sales,,,Columbus,Ohio
003g700000FK3x0AAD,Jennifer,Lopez,jennifer.lopez78@corelogiccor.com,,VP Engineering,,,Cleveland,Ohio
003g700000FK3x1AAD,Mark,Wilson,mark.wilson86@optiservecor.com,,Director Marketing,,,Columbus,Ohio
003g700000FK3x2AAD,David,Davis,david.davis15@keystonellco.com,,Director Marketing,,,Dayton,Ohio
003g700000FK3x3AAD,Kimberly,Harris,kimberly.harris75@keystonellco.com,,VP Engineering,,,Dayton,Ohio
003g700000FK3x4AAD,Emily,Williams,emily.williams31@keystonellco.com,,Director Marketing,,,Dayton,Ohio
003g700000FK3x5AAD,Daniel,Lopez,daniel.lopez75@keystonellco.com,,COO,,,Dayton,Ohio
003g700000FK3x6AAD,Margaret,Miller,margaret.miller19@catalystcorp.com,,Director Marketing,,,Dayton,Ohio
003g700000FK3x7AAD,Barbara,Miller,barbara.miller36@catalystcorp.com,,CMO,,,Dayton,Ohio
003g700000FK3x8AAD,Thomas,Lee,thomas.lee8@brightpathll.com,,CMO,,,Columbus,Ohio
003g700000FK3x9AAD,Joshua,Wilson,joshua.wilson90@brightpathll.com,,Director Marketing,,,Columbus,Ohio
003g700000FK3xAAAT,Daniel,Martin,daniel.martin55@brightpathll.com,,CMO,,,Columbus,Ohio
003g700000FK3xBAAT,Jessica,Rodriguez,jessica.rodriguez19@brightpathll.com,,Head of Product,,,Columbus,Ohio
003g700000FK3xCAAT,Nancy,Martinez,nancy.martinez3@keystoneinco.com,,VP Sales,,,Toledo,Ohio
003g700000FK3xDAAT,Patricia,Clark,patricia.clark86@keystoneinco.com,,CEO,,,Toledo,Ohio
003g700000FK3xEAAT,Thomas,Martin,thomas.martin50@keystoneinco.com,,VP Engineering,,,Toledo,Ohio
003g700000FK3xFAAT,Nancy,Harris,nancy.harris16@keystoneinco.com,,CEO,,,Toledo,Ohio
003g700000FK3xGAAT,Anthony,Smith,anthony.smith51@echotechllco.com,,VP Engineering,,,Cleveland,Ohio
003g700000FK3xHAAT,Karen,Williams,karen.williams97@echotechllco.com,,CEO,,,Cleveland,Ohio
003g700000FK3xIAAT,Karen,Miller,karen.miller21@echotechllco.com,,CMO,,,Cleveland,Ohio
003g700000FK3xJAAT,Daniel,White,daniel.white53@echotechllco.com,,VP Sales,,,Cleveland,Ohio
003g700000FK3xKAAT,Jennifer,Moore,jennifer.moore61@optiserveinc.com,,COO,,,Cleveland,Ohio
003g700000FK3xLAAT,Lisa,Clark,lisa.clark55@optiserveinc.com,,Director Marketing,,,Cleveland,Ohio
003g700000FK3xMAAT,William,Clark,william.clark34@optiserveinc.com,,Director Marketing,,,Cleveland,Ohio
003g700000FK3xNAAT,Mark,Thompson,mark.thompson94@horizonlabsl.com,,Head of Product,,,Cleveland,Ohio
003g700000FK3xOAAT,Ashley,Clark,ashley.clark4@horizonlabsl.com,,VP Sales,,,Cleveland,Ohio
003g700000FK3xPAAT,Barbara,White,barbara.white57@horizonlabsl.com,,CTO,,,Cleveland,Ohio
003g700000FK3xQAAT,Betty,Miller,betty.miller81@atlasmanufac.com,,VP Engineering,,,Dayton,Ohio
003g700000FK3xRAAT,Kenneth,Williams,kenneth.williams15@fusionworksc.com,,CTO,,,Cleveland,Ohio
003g700000FK3xSAAT,Jessica,Jackson,jessica.jackson92@fusionworksc.com,,CTO,,,Cleveland,Ohio
003g700000FK3xTAAT,Kevin,Harris,kevin.harris53@fusionworksc.com,,Head of Product,,,Cleveland,Ohio
003g700000FK3xUAAT,Andrew,Lewis,andrew.lewis18@datawavecorp.com,,VP Engineering,,,Cleveland,Ohio
003g700000FK3xVAAT,Barbara,Harris,barbara.harris76@datawavecorp.com,,Head of Product,,,Cleveland,Ohio
003g700000FK3xWAAT,Christopher,Miller,christopher.miller11@datawavecorp.com,,COO,,,Cleveland,Ohio
003g700000FK3xXAAT,Nancy,Garcia,nancy.garcia51@datawavecorp.com,,COO,,,Cleveland,Ohio
003g700000FK3xYAAT,Mary,Smith,mary.smith72@optiservecor.com,,CEO,,,Toledo,Ohio
003g700000FK3xZAAT,Jennifer,Taylor,jennifer.taylor26@optiservecor.com,,VP Engineering,,,Toledo,Ohio
003g700000FK3xaAAD,Patricia,Anderson,patricia.anderson80@nextgendigit.com,,COO,,,Columbus,Ohio
003g700000FK3xbAAD,Kevin,Rodriguez,kevin.rodriguez20@nextgendigit.com,,Director Marketing,,,Columbus,Ohio
003g700000FK3xcAAD,William,Lee,william.lee16@datawavellco.com,,VP Sales,,,Columbus,Ohio
003g700000FK3xdAAD,Kimberly,Thomas,kimberly.thomas99@datawavellco.com,,CMO,,,Columbus,Ohio
003g700000FK3xeAAD,Emily,Brown,emily.brown29@datawavellco.com,,CEO,,,Columbus,Ohio
003g700000FK3xfAAD,Sarah,Martinez,sarah.martinez96@optiservellc.com,,CMO,,,Dayton,Ohio
003g700000FK3xgAAD,Anthony,Jones,anthony.jones56@optiservellc.com,,CEO,,,Dayton,Ohio
003g700000FK3xhAAD,Christopher,Lewis,christopher.lewis87@nextgendigit.com,,CEO,,,Dayton,Ohio
003g700000FK3xiAAD,Mark,Garcia,mark.garcia53@nextgendigit.com,,CTO,,,Dayton,Ohio
003g700000FK3xjAAD,Christopher,Rodriguez,christopher.rodriguez31@keystonellco.com,,CMO,,,Cincinnati,Ohio
003g700000FK3xkAAD,Nancy,Lee,nancy.lee88@datawaveinco.com,,CMO,,,Cincinnati,Ohio
003g700000FK3xlAAD,Jennifer,Smith,jennifer.smith61@datawaveinco.com,,CTO,,,Cincinnati,Ohio
003g700000FK3xmAAD,Betty,Harris,betty.harris28@fusionworksg.com,,COO,,,Cincinnati,Ohio
003g700000FK3xnAAD,Margaret,Lewis,margaret.lewis77@fusionworksg.com,,VP Engineering,,,Cincinnati,Ohio
003g700000FK3xoAAD,John,Brown,john.brown72@fusionworksg.com,,VP Sales,,,Cincinnati,Ohio
003g700000FK3xpAAD,Lisa,Davis,lisa.davis61@pinnaclesyst.com,,Head of Product,,,Dayton,Ohio
003g700000FK3xqAAD,James,Rodriguez,james.rodriguez65@synergyincll.com,,COO,,,Dayton,Ohio
003g700000FK3xrAAD,Betty,Harris,betty.harris48@pinnaclesyst.com,,CTO,,,Akron,Ohio
003g700000FK3xsAAD,Donna,Johnson,donna.johnson75@pinnaclesyst.com,,CTO,,,Akron,Ohio
003g700000FK3xtAAD,Thomas,Garcia,thomas.garcia65@pinnaclesyst.com,,CMO,,,Akron,Ohio
003g700000FK3xuAAD,Ashley,Jones,ashley.jones12@gridpointgro.com,,Head of Product,,,Toledo,Ohio
003g700000FK3xvAAD,Kimberly,Thomas,kimberly.thomas19@gridpointgro.com,,VP Engineering,,,Toledo,Ohio
003g700000FK3xwAAD,Linda,Lopez,linda.lopez6@gridpointgro.com,,CTO,,,Toledo,Ohio
003g700000FK3xxAAD,Sarah,Lewis,sarah.lewis47@innovatecogr.com,,COO,,,Cleveland,Ohio
003g700000FK3xyAAD,Christopher,Rodriguez,christopher.rodriguez79@innovatecogr.com,,VP Engineering,,,Cleveland,Ohio
003g700000FK3xzAAD,Kimberly,Lopez,kimberly.lopez56@innovatecogr.com,,CTO,,,Cleveland,Ohio
003g700000FK3y0AAD,Daniel,Lewis,daniel.lewis63@innovatecogr.com,,CTO,,,Cleveland,Ohio
003g700000FK3y1AAD,Patricia,Miller,patricia.miller20@innovatecoco.com,,VP Sales,,,Dayton,Ohio
003g700000FK3y2AAD,Joseph,Garcia,joseph.garcia5@innovatecoco.com,,CMO,,,Dayton,Ohio
003g700000FK3y3AAD,Thomas,Garcia,thomas.garcia91@innovatecoco.com,,CMO,,,Dayton,Ohio
003g700000FK3y4AAD,Margaret,Brown,margaret.brown64@innovatecoco.com,,VP Sales,,,Dayton,Ohio
003g700000FK3y5AAD,Matthew,Clark,matthew.clark72@gridpointgro.com,,CMO,,,Dayton,Ohio
003g700000FK3y6AAD,Ashley,Moore,ashley.moore15@gridpointgro.com,,CTO,,,Dayton,Ohio
003g700000FK3y7AAD,Linda,Wilson,linda.wilson12@gridpointgro.com,,CEO,,,Dayton,Ohio
003g700000FK3y8AAD,Christopher,Garcia,christopher.garcia22@gridpointgro.com,,VP Engineering,,,Dayton,Ohio
003g700000FK3y9AAD,Michelle,Smith,michelle.smith68@catalystcorp.com,,CTO,,,Cleveland,Ohio
003g700000FK3yAAAT,Mark,Williams,mark.williams32@catalystcorp.com,,CMO,,,Cleveland,Ohio
003g700000FK3yBAAT,Lisa,Smith,lisa.smith37@pinnaclesyst.com,,Director Marketing,,,Akron,Ohio
003g700000FK3yCAAT,Nancy,Lee,nancy.lee14@brightpathgr.com,,Head of Product,,,Toledo,Ohio
003g700000FK3yDAAT,Elizabeth,Smith,elizabeth.smith11@brightpathgr.com,,CMO,,,Toledo,Ohio
003g700000FK3yEAAT,Andrew,Taylor,andrew.taylor81@brightpathgr.com,,VP Engineering,,,Toledo,Ohio
003g700000FK3yFAAT,Kevin,Harris,kevin.harris1@brightpathgr.com,,Head of Product,,,Toledo,Ohio
003g700000FK3yGAAT,Carol,Taylor,carol.taylor42@luminaigroup.com,,CTO,,,Columbus,Ohio
003g700000FK3yHAAT,Patricia,White,patricia.white37@keystonellco.com,,Head of Product,,,Akron,Ohio
003g700000FK3yIAAT,Patricia,Lewis,patricia.lewis10@keystonellco.com,,COO,,,Akron,Ohio
003g700000FK3yJAAT,Betty,Rodriguez,betty.rodriguez23@optiservegro.com,,CEO,,,Cincinnati,Ohio
003g700000FK3yKAAT,Jennifer,Smith,jennifer.smith27@datawaveinco.com,,CTO,,,Columbus,Ohio
003g700000FK3yLAAT,Anthony,Anderson,anthony.anderson37@datawaveinco.com,,CTO,,,Columbus,Ohio
003g700000FK3yMAAT,Linda,Martinez,linda.martinez63@datawaveinco.com,,COO,,,Columbus,Ohio
003g700000FK3yNAAT,Karen,Harris,karen.harris78@datawaveinco.com,,CTO,,,Columbus,Ohio
003g700000FK3yOAAT,Michael,Wilson,michael.wilson66@datawavecorp.com,,CEO,,,Cincinnati,Ohio
003g700000FK3yPAAT,Emily,Taylor,emily.taylor50@datawavecorp.com,,CMO,,,Cincinnati,Ohio
003g700000FK3yQAAT,Sarah,Lee,sarah.lee77@datawavecorp.com,,COO,,,Cincinnati,Ohio
003g700000FK3yRAAT,Margaret,Wilson,margaret.wilson79@pinnaclesyst.com,,CTO,,,Cincinnati,Ohio
003g700000FK3ySAAT,Margaret,Williams,margaret.williams6@novatechinco.com,,Head of Product,,,Columbus,Ohio
003g700000FK3yTAAT,Ashley,Harris,ashley.harris29@novatechinco.com,,CTO,,,Columbus,Ohio
003g700000FK3yUAAT,Emily,Jackson,emily.jackson81@novatechinco.com,,Director Marketing,,,Columbus,Ohio
003g700000FK3yVAAT,Christopher,Taylor,christopher.taylor56@novatechinco.com,,Director Marketing,,,Columbus,Ohio
003g700000FK3yWAAT,Karen,Jones,karen.jones17@summitindust.com,,VP Engineering,,,Cleveland,Ohio
003g700000FK3yXAAT,Jessica,Jackson,jessica.jackson55@summitindust.com,,VP Engineering,,,Cleveland,Ohio
003g700000FK3yYAAT,Kenneth,Johnson,kenneth.johnson71@summitindust.com,,Director Marketing,,,Cleveland,Ohio
003g700000FK3yZAAT,Robert,Jackson,robert.jackson14@summitindust.com,,COO,,,Cleveland,Ohio
003g700000FK3yaAAD,Michael,Taylor,michael.taylor85@horizonlabsi.com,,VP Engineering,,,Cincinnati,Ohio
003g700000FK3ybAAD,Matthew,Rodriguez,matthew.rodriguez75@horizonlabsi.com,,Director Marketing,,,Cincinnati,Ohio
003g700000FK3ycAAD,Paul,Smith,paul.smith15@horizonlabsi.com,,CMO,,,Cincinnati,Ohio
003g700000FK3ydAAD,Barbara,Garcia,barbara.garcia51@horizonlabsi.com,,VP Sales,,,Cincinnati,Ohio
003g700000FK3yeAAD,Mark,Clark,mark.clark39@luminaigroup.com,,Head of Product,,,Cincinnati,Ohio
003g700000FK3yfAAD,Steven,Thompson,steven.thompson34@atlasmanufac.com,,Head of Product,,,Dayton,Ohio
003g700000FK3ygAAD,Barbara,Miller,barbara.miller24@atlasmanufac.com,,Director Marketing,,,Dayton,Ohio
003g700000FK3yhAAD,Kevin,Rodriguez,kevin.rodriguez87@atlasmanufac.com,,Director Marketing,,,Dayton,Ohio
003g700000FK3yiAAD,Margaret,Martin,margaret.martin3@atlasmanufac.com,,VP Sales,,,Dayton,Ohio
003g700000FK3yjAAD,Linda,Smith,linda.smith22@echotechcorp.com,,CMO,,,Akron,Ohio
003g700000FK3ykAAD,Ashley,Clark,ashley.clark52@echotechcorp.com,,CMO,,,Akron,Ohio
003g700000FK3ylAAD,Karen,Thompson,karen.thompson79@echotechcorp.com,,Head of Product,,,Akron,Ohio
003g700000FK3ymAAD,Betty,Martinez,betty.martinez12@echotechcorp.com,,CTO,,,Akron,Ohio
003g700000FK3ynAAD,James,Miller,james.miller15@echotechcorp.com,,VP Sales,,,Columbus,Ohio
003g700000FK3yoAAD,Richard,Smith,richard.smith27@echotechcorp.com,,CMO,,,Columbus,Ohio
003g700000FK3ypAAD,Jessica,Thomas,jessica.thomas81@innovatecoco.com,,CEO,,,Dayton,Ohio
003g700000FK3yqAAD,Jennifer,Martinez,jennifer.martinez99@innovatecoco.com,,CMO,,,Dayton,Ohio
003g700000FK3yrAAD,Andrew,Thomas,andrew.thomas3@catalystcorp.com,,Director Marketing,,,Akron,Ohio
003g700000FK3ysAAD,William,Jones,william.jones95@catalystcorp.com,,CMO,,,Akron,Ohio
003g700000FK3ytAAD,Andrew,Smith,andrew.smith58@luminaigroup.com,,CEO,,,Toledo,Ohio
003g700000FK3yuAAD,Richard,Martinez,richard.martinez73@luminaigroup.com,,COO,,,Toledo,Ohio
003g700000FK3yvAAD,Patricia,Lopez,patricia.lopez2@luminaigroup.com,,Director Marketing,,,Toledo,Ohio
003g700000FK3ywAAD,Margaret,Thomas,margaret.thomas64@luminaigroup.com,,VP Engineering,,,Toledo,Ohio
003g700000FK3yxAAD,Emily,Anderson,emily.anderson63@catalystcorp.com,,CMO,,,Cincinnati,Ohio
003g700000FK3yyAAD,Patricia,Jackson,patricia.jackson3@pinnaclesyst.com,,COO,,,Cleveland,Ohio
003g700000FK3yzAAD,Kenneth,Lopez,kenneth.lopez71@pinnaclesyst.com,,Director Marketing,,,Cleveland,Ohio
003g700000FK3z0AAD,Mark,Moore,mark.moore15@fusionworksi.com,,CMO,,,Toledo,Ohio
003g700000FK3z1AAD,Carol,White,carol.white45@fusionworksi.com,,CMO,,,Toledo,Ohio
003g700000FK3z2AAD,Margaret,Smith,margaret.smith21@fusionworksi.com,,VP Engineering,,,Toledo,Ohio
003g700000FK3z3AAD,Andrew,Wilson,andrew.wilson57@corelogicgro.com,,CEO,,,Akron,Ohio
003g700000FK3z4AAD,Paul,Davis,paul.davis76@corelogicgro.com,,Head of Product,,,Akron,Ohio
003g700000FK3z5AAD,David,Martinez,david.martinez93@fusionworksc.com,,COO,,,Dayton,Ohio
003g700000FK3z6AAD,Mark,Harris,mark.harris84@fusionworksc.com,,Head of Product,,,Dayton,Ohio
003g700000FK3z7AAD,Andrew,Garcia,andrew.garcia80@fusionworksc.com,,CEO,,,Dayton,Ohio
003g700000FK3z8AAD,Christopher,Clark,christopher.clark96@fusionworksc.com,,Director Marketing,,,Dayton,Ohio
003g700000FK3z9AAD,David,Garcia,david.garcia26@keystonellco.com,,CTO,,,Dayton,Ohio
003g700000FK3zAAAT,Kevin,Moore,kevin.moore13@keystonellco.com,,COO,,,Dayton,Ohio
003g700000FK3zBAAT,Emily,Martinez,emily.martinez31@keystonellco.com,,CEO,,,Dayton,Ohio
003g700000FK3zCAAT,Donna,Johnson,donna.johnson3@keystonellco.com,,Head of Product,,,Dayton,Ohio
003g700000FK3zDAAT,Matthew,Harris,matthew.harris21@nextgendigit.com,,CTO,,,Cincinnati,Ohio
003g700000FK3zEAAT,Paul,Johnson,paul.johnson9@nextgendigit.com,,Head of Product,,,Cincinnati,Ohio
003g700000FK3zFAAT,Margaret,Brown,margaret.brown80@nextgendigit.com,,CEO,,,Cincinnati,Ohio
003g700000FK3zGAAT,Donna,Davis,donna.davis63@summitindust.com,,VP Engineering,,,Akron,Ohio
003g700000FK3zHAAT,Matthew,Johnson,matthew.johnson99@techcorpcorp.com,,VP Engineering,,,Columbus,Ohio
003g700000FK3zIAAT,Elizabeth,Clark,elizabeth.clark66@techcorpcorp.com,,Director Marketing,,,Columbus,Ohio
003g700000FK3zJAAT,Patricia,Taylor,patricia.taylor59@techcorpcorp.com,,Director Marketing,,,Columbus,Ohio
003g700000FK3zKAAT,Carol,Thompson,carol.thompson14@nextgendigit.com,,VP Sales,,,Toledo,Ohio
003g700000FK3zLAAT,William,White,william.white16@synergyincin.com,,CEO,,,Akron,Ohio
003g700000FK3zMAAT,William,Lewis,william.lewis38@innovatecogr.com,,CMO,,,Cleveland,Ohio
003g700000FK3zNAAT,Paul,Moore,paul.moore94@innovatecogr.com,,Director Marketing,,,Cleveland,Ohio
003g700000FK3zOAAT,Elizabeth,White,elizabeth.white47@innovatecogr.com,,Head of Product,,,Cleveland,Ohio
003g700000FK3zPAAT,Linda,Miller,linda.miller57@metaflowinco.com,,COO,,,Akron,Ohio
003g700000FK3zQAAT,James,Davis,james.davis61@metaflowinco.com,,Head of Product,,,Akron,Ohio
003g700000FK3zRAAT,Paul,Garcia,paul.garcia11@optiserveinc.com,,VP Engineering,,,Cincinnati,Ohio
003g700000FK3zSAAT,Nancy,Clark,nancy.clark97@optiserveinc.com,,COO,,,Cincinnati,Ohio
003g700000FK3zTAAT,Nancy,White,nancy.white86@optiserveinc.com,,CEO,,,Cincinnati,Ohio
003g700000FK3zUAAT,Kimberly,Thomas,kimberly.thomas30@metaflowgrou.com,,CTO,,,Toledo,Ohio
003g700000FK3zVAAT,Margaret,Thomas,margaret.thomas53@metaflowgrou.com,,CMO,,,Toledo,Ohio
003g700000FK3zWAAT,Mary,Taylor,mary.taylor19@optiservellc.com,,VP Sales,,,Columbus,Ohio
003g700000FK3zXAAT,Kimberly,Williams,kimberly.williams11@optiservellc.com,,Head of Product,,,Columbus,Ohio
003g700000FK3zYAAT,Daniel,Anderson,daniel.anderson99@optiservellc.com,,CTO,,,Columbus,Ohio
003g700000FK3zZAAT,Patricia,Anderson,patricia.anderson98@novatechllco.com,,VP Sales,,,Cleveland,Ohio
003g700000FK3zaAAD,Elizabeth,Lee,elizabeth.lee8@novatechllco.com,,VP Engineering,,,Cleveland,Ohio
003g700000FK3zbAAD,Mark,Anderson,mark.anderson88@novatechllco.com,,VP Engineering,,,Cleveland,Ohio
003g700000FK3zcAAD,Daniel,Wilson,daniel.wilson2@novatechllco.com,,VP Engineering,,,Cleveland,Ohio
003g700000FK3zdAAD,Betty,Taylor,betty.taylor83@metaflowcorp.com,,CEO,,,Cincinnati,Ohio
003g700000FK3zeAAD,Joshua,Thompson,joshua.thompson80@metaflowcorp.com,,CMO,,,Cincinnati,Ohio
003g700000FK3zfAAD,Betty,Miller,betty.miller39@innovatecogr.com,,Director Marketing,,,Cincinnati,Ohio
003g700000FK3zgAAD,Robert,Martin,robert.martin43@innovatecogr.com,,COO,,,Cincinnati,Ohio
003g700000FK3zhAAD,David,Jackson,david.jackson70@innovatecogr.com,,VP Engineering,,,Cincinnati,Ohio
003g700000FK3ziAAD,Jennifer,Jackson,jennifer.jackson71@catalystcorp.com,,VP Engineering,,,Akron,Ohio
003g700000FK3zjAAD,Kimberly,Lopez,kimberly.lopez97@catalystcorp.com,,CTO,,,Akron,Ohio
003g700000FK3zkAAD,Mary,Martin,mary.martin76@gridpointgro.com,,VP Engineering,,,Cleveland,Ohio
003g700000FK3zlAAD,Karen,Lewis,karen.lewis55@echotechcorp.com,,Director Marketing,,,Cincinnati,Ohio
003g700000FK3zmAAD,Patricia,Wilson,patricia.wilson34@echotechcorp.com,,Head of Product,,,Cincinnati,Ohio
003g700000FK3znAAD,Patricia,White,patricia.white16@synergyincgr.com,,CMO,,,Toledo,Ohio
003g700000FK3zoAAD,Kenneth,Lewis,kenneth.lewis1@brightpathin.com,,CMO,,,Cincinnati,Ohio
003g700000FK3zpAAD,Lisa,Davis,lisa.davis96@brightpathin.com,,CEO,,,Cincinnati,Ohio
003g700000FK3zqAAD,Matthew,Martinez,matthew.martinez37@brightpathin.com,,CTO,,,Cincinnati,Ohio
003g700000FK3zrAAD,Kimberly,Lewis,kimberly.lewis32@vertexpartne.com,,Director Marketing,,,Columbus,Ohio
003g700000FK3zsAAD,Daniel,Jackson,daniel.jackson75@vertexpartne.com,,CEO,,,Columbus,Ohio
003g700000FK3ztAAD,Nancy,Taylor,nancy.taylor13@vertexpartne.com,,CTO,,,Columbus,Ohio
003g700000FK3zuAAD,Margaret,Thomas,margaret.thomas11@vertexpartne.com,,Director Marketing,,,Columbus,Ohio
003g700000FK3zvAAD,Margaret,Jones,margaret.jones61@summitindust.com,,CEO,,,Akron,Ohio
003g700000FK3zwAAD,John,Wilson,john.wilson87@atlasmanufac.com,,COO,,,Akron,Ohio
003g700000FK3zxAAD,Michelle,Martin,michelle.martin67@atlasmanufac.com,,COO,,,Akron,Ohio
003g700000FK3zyAAD,Thomas,Lee,thomas.lee64@atlasmanufac.com,,COO,,,Akron,Ohio
003g700000FK3zzAAD,Steven,Clark,steven.clark63@atlasmanufac.com,,COO,,,Akron,Ohio
003g700000FK400AAD,Elizabeth,Jackson,elizabeth.jackson17@fusionworksi.com,,CMO,,,Columbus,Ohio
003g700000FK401AAD,Ashley,Jones,ashley.jones91@fusionworksi.com,,Director Marketing,,,Columbus,Ohio
003g700000FK402AAD,Ashley,Moore,ashley.moore5@echotechgrou.com,,CTO,,,Cincinnati,Ohio
003g700000FK403AAD,Donna,Wilson,donna.wilson16@echotechgrou.com,,COO,,,Cincinnati,Ohio
003g700000FK404AAD,Linda,Wilson,linda.wilson74@metaflowllco.com,,VP Engineering,,,Cleveland,Ohio
003g700000FK405AAD,Kimberly,Jones,kimberly.jones16@synergyincco.com,,Head of Product,,,Columbus,Ohio
003g700000FK406AAD,Nancy,Martinez,nancy.martinez38@corelogiccor.com,,CMO,,,Toledo,Ohio
003g700000FK407AAD,Mary,Jones,mary.jones19@corelogiccor.com,,COO,,,Toledo,Ohio
003g700000FK408AAD,Patricia,Martinez,patricia.martinez37@corelogiccor.com,,CEO,,,Toledo,Ohio
003g700000FK409AAD,Emily,Smith,emily.smith16@atlasmanufac.com,,Head of Product,,,Dayton,Ohio
003g700000FK40AAAT,John,Johnson,john.johnson54@atlasmanufac.com,,CMO,,,Dayton,Ohio
003g700000FK40BAAT,Kenneth,Taylor,kenneth.taylor44@datawavegrou.com,,COO,,,Dayton,Ohio
003g700000FK40CAAT,Andrew,Lewis,andrew.lewis78@datawavegrou.com,,CTO,,,Dayton,Ohio
003g700000FK40DAAT,David,Jackson,david.jackson82@datawavegrou.com,,CMO,,,Dayton,Ohio
003g700000FK40EAAT,Steven,Jones,steven.jones94@luminaicorpo.com,,Head of Product,,,Akron,Ohio
003g700000FK40FAAT,Jennifer,Thompson,jennifer.thompson86@luminaicorpo.com,,COO,,,Akron,Ohio
003g700000FK40GAAT,Anthony,Davis,anthony.davis51@luminaicorpo.com,,Head of Product,,,Akron,Ohio
003g700000FK40HAAT,Joshua,Johnson,joshua.johnson86@luminaicorpo.com,,CMO,,,Akron,Ohio
003g700000FK40IAAT,Jennifer,Garcia,jennifer.garcia91@summitindust.com,,VP Sales,,,Columbus,Ohio
003g700000FK40JAAT,Kenneth,White,kenneth.white99@summitindust.com,,VP Engineering,,,Columbus,Ohio
003g700000FK40KAAT,Donna,White,donna.white16@summitindust.com,,Director Marketing,,,Columbus,Ohio
003g700000FK40LAAT,Carol,Martin,carol.martin74@novatechincw.com,,VP Sales,,,Bellevue,Washington
003g700000FK40MAAT,Kenneth,Jackson,kenneth.jackson25@novatechincw.com,,CMO,,,Bellevue,Washington
003g700000FK40NAAT,Linda,Harris,linda.harris69@keystoneincv.com,,CTO,,,Virginia Beach,Virginia
003g700000FK40OAAT,Sarah,Miller,sarah.miller32@novatechincp.com,,CMO,,,Philadelphia,Pennsylvania
003g700000FK40PAAT,Joshua,Thompson,joshua.thompson42@synergyincco.com,,COO,,,Phoenix,Arizona
003g700000FK40QAAT,Emily,Smith,emily.smith44@horizonlabsl.com,,COO,,,Colorado Springs,Colorado
003g700000FK40RAAT,Mark,Smith,mark.smith68@novatechcorp.com,,Head of Product,,,Albany,New York
003g700000FK40SAAT,Anthony,Rodriguez,anthony.rodriguez12@novatechcorp.com,,Director Marketing,,,Albany,New York
003g700000FK40TAAT,Joshua,Garcia,joshua.garcia37@pinnaclesyst.com,,CTO,,,Grand Rapids,Michigan
003g700000FK40UAAT,Thomas,Williams,thomas.williams20@vertexpartne.com,,VP Engineering,,,Augusta,Georgia
003g700000FK40VAAT,Mark,Harris,mark.harris22@vertexpartne.com,,VP Sales,,,Augusta,Georgia
003g700000FK40WAAT,Barbara,Smith,barbara.smith92@synergyincin.com,,VP Sales,,,Spokane,Washington
003g700000FK40XAAT,Karen,Anderson,karen.anderson13@synergyincin.com,,Head of Product,,,Spokane,Washington
003g700000FK40YAAT,Elizabeth,Thomas,elizabeth.thomas42@synergyincin.com,,VP Engineering,,,Spokane,Washington
003g700000FK40ZAAT,Linda,Johnson,linda.johnson26@globalsoluti.com,,CEO,,,Durham,North Carolina
003g700000FK40aAAD,Kevin,Lee,kevin.lee31@globalsoluti.com,,CMO,,,Durham,North Carolina
003g700000FK40bAAD,Paul,Jackson,paul.jackson50@globalsoluti.com,,Director Marketing,,,Durham,North Carolina
003g700000FK40cAAD,Sarah,Johnson,sarah.johnson41@globalsoluti.com,,CMO,,,Durham,North Carolina
003g700000FK40dAAD,John,Moore,john.moore4@metaflowcorp.com,,COO,,,Colorado Springs,Colorado
003g700000FK40eAAD,Joseph,Smith,joseph.smith35@metaflowcorp.com,,Director Marketing,,,Colorado Springs,Colorado
003g700000FK40fAAD,Jessica,Martin,jessica.martin84@metaflowcorp.com,,CTO,,,Colorado Springs,Colorado
003g700000FK40gAAD,Karen,Lee,karen.lee53@metaflowcorp.com,,CMO,,,Colorado Springs,Colorado
003g700000FK40hAAD,Paul,Miller,paul.miller19@fusionworksi.com,,Head of Product,,,Cincinnati,Ohio
003g700000FK40iAAD,Jessica,Martin,jessica.martin55@horizonlabsl.com,,CMO,,,Cambridge,Massachusetts
003g700000FK40jAAD,Robert,Smith,robert.smith60@horizonlabsl.com,,VP Engineering,,,Cambridge,Massachusetts
003g700000FK40kAAD,James,Johnson,james.johnson62@catalystcorp.com,,VP Engineering,,,Charlotte,North Carolina
003g700000FK40lAAD,Kevin,Rodriguez,kevin.rodriguez88@catalystcorp.com,,COO,,,Charlotte,North Carolina
003g700000FK40mAAD,Susan,Lee,susan.lee66@optiservegro.com,,VP Engineering,,,Dallas,Texas
003g700000FK40nAAD,Robert,Garcia,robert.garcia95@optiservegro.com,,Director Marketing,,,Dallas,Texas
003g700000FK40oAAD,Karen,Williams,karen.williams51@optiservegro.com,,Director Marketing,,,Dallas,Texas
003g700000FK40pAAD,Donna,Rodriguez,donna.rodriguez56@nextgendigit.com,,CEO,,,Fort Lauderdale,Florida
003g700000FK40qAAD,Carol,Jackson,carol.jackson41@nextgendigit.com,,Head of Product,,,Fort Lauderdale,Florida
003g700000FK40rAAD,Steven,Rodriguez,steven.rodriguez32@corelogicinc.com,,Head of Product,,,Durham,North Carolina
003g700000FK40sAAD,Lisa,Miller,lisa.miller59@corelogicinc.com,,Head of Product,,,Durham,North Carolina
003g700000FK40tAAD,Mary,Clark,mary.clark18@corelogicinc.com,,VP Sales,,,Durham,North Carolina
003g700000FK40uAAD,James,Smith,james.smith87@atlasmanufac.com,,CTO,,,Arlington,Virginia
003g700000FK40vAAD,Mark,Martin,mark.martin90@atlasmanufac.com,,CMO,,,Arlington,Virginia
003g700000FK40wAAD,Betty,Martin,betty.martin11@atlasmanufac.com,,Director Marketing,,,Arlington,Virginia
003g700000FK40xAAD,Joshua,Smith,joshua.smith86@atlasmanufac.com,,CMO,,,Arlington,Virginia
003g700000FK40yAAD,Matthew,Anderson,matthew.anderson77@synergyincgr.com,,Head of Product,,,Columbus,Ohio
003g700000FK40zAAD,Barbara,Clark,barbara.clark2@luminaillcco.com,,Director Marketing,,,Fort Collins,Colorado
003g700000FK410AAD,Ashley,Wilson,ashley.wilson25@luminaillcco.com,,CMO,,,Fort Collins,Colorado
003g700000FK411AAD,James,Davis,james.davis96@luminaillcco.com,,VP Sales,,,Fort Collins,Colorado
003g700000FK412AAD,Sarah,Harris,sarah.harris91@luminaillcco.com,,Head of Product,,,Fort Collins,Colorado
003g700000FK413AAD,Jennifer,Thompson,jennifer.thompson81@corelogicllc.com,,VP Engineering,,,Miami,Florida
003g700000FK414AAD,Joseph,Davis,joseph.davis64@corelogicllc.com,,Head of Product,,,Miami,Florida
003g700000FK415AAD,Sarah,Moore,sarah.moore91@novatechcorp.com,,CEO,,,Peoria,Illinois
003g700000FK416AAD,Richard,White,richard.white51@novatechincc.com,,Director Marketing,,,Colorado Springs,Colorado
003g700000FK417AAD,Kenneth,Jackson,kenneth.jackson64@vertexpartne.com,,CTO,,,Sacramento,California
003g700000FK418AAD,Donna,Miller,donna.miller85@vertexpartne.com,,CTO,,,Sacramento,California
003g700000FK419AAD,John,Lee,john.lee17@vertexpartne.com,,Director Marketing,,,Sacramento,California
003g700000FK41AAAT,Thomas,Lee,thomas.lee30@summitindust.com,,VP Engineering,,,Orlando,Florida
003g700000FK41BAAT,Richard,Harris,richard.harris3@summitindust.com,,VP Engineering,,,Orlando,Florida
003g700000FK41CAAT,James,Thomas,james.thomas83@luminaicorpa.com,,VP Sales,,,Phoenix,Arizona
003g700000FK41DAAT,Daniel,Thomas,daniel.thomas53@luminaicorpa.com,,VP Engineering,,,Phoenix,Arizona
003g700000FK41EAAT,Linda,Harris,linda.harris67@luminaicorpa.com,,CMO,,,Phoenix,Arizona
003g700000FK41FAAT,Emily,Wilson,emily.wilson67@luminaicorpa.com,,VP Sales,,,Phoenix,Arizona
003g700000FK41GAAT,Patricia,Rodriguez,patricia.rodriguez54@pinnaclesyst.com,,CMO,,,Detroit,Michigan
003g700000FK41HAAT,Daniel,Smith,daniel.smith51@pinnaclesyst.com,,CEO,,,Detroit,Michigan
003g700000FK41IAAT,Jennifer,Lee,jennifer.lee4@metaflowincm.com,,CEO,,,Grand Rapids,Michigan
